{"current":{"heading_color":"#0652f1","text_color":"#000206","accent_color":"#0652f1","link_color":"#0b0101","border_color":"#5589f7","background":"#ffffff","secondary_background":"#ffffff","error_color":"#f71b1b","success_color":"#48b448","primary_button_background":"#ffffff","primary_button_text_color":"#0652f1","secondary_button_background":"#ffffff","secondary_button_text_color":"#0652f1","header_background":"#0652f1","header_text_color":"#ffffff","header_light_text_color":"#b9d6f1","header_accent_color":"#a88d03","product_on_sale_accent":"#48b448","product_in_stock_color":"#008a00","product_low_stock_color":"#ee0000","product_sold_out_color":"#d1d1d4","product_label_1_background":"#0652f1","product_label_2_background":"#0652f1","product_star_color":"#ffb647","base_text_font_size":15,"heading_font":"chong_modern_n7","text_font":"daytona_n7","underline_links":true,"animation_image_zoom":true,"search_mode":"product,article,page","show_vendor":true,"show_secondary_image":true,"show_discount":true,"discount_mode":"percentage","product_price_position":"after_title","product_image_size":"square","show_color_swatch":false,"show_inventory_quantity":true,"low_inventory_threshold":1,"show_reviews_badge":false,"cart_type":"drawer","cart_empty_button_link":"shopify:\/\/collections\/all","cart_show_free_shipping_threshold":true,"cart_free_shipping_threshold":"","share_image":"shopify:\/\/shop_images\/Composer6.GIF","social_facebook":"","social_twitter":"","social_pinterest":"","social_instagram":"","social_vimeo":"","social_tumblr":"","social_youtube":"","social_linkedin":"","social_snapchat":"","social_fancy":"","favicon":"shopify:\/\/shop_images\/Composer2_673f8bee-8abb-439b-981a-1f81afbe50a2.GIF","checkout_header_image":"shopify:\/\/shop_images\/Composer3_ef3a3db6-dfe7-4a29-9730-07417d23c089.GIF","checkout_logo_image":"shopify:\/\/shop_images\/Composer3_ef3a3db6-dfe7-4a29-9730-07417d23c089.GIF","checkout_logo_position":"center","checkout_logo_size":"medium","checkout_body_background_image":"shopify:\/\/shop_images\/card-reader-payment.jpg","checkout_body_background_color":"#0a61ef","checkout_input_background_color_mode":"transparent","checkout_sidebar_background_image":"","checkout_sidebar_background_color":"#f7f4f2","checkout_heading_font":"-apple-system, BlinkMacSystemFont, 'Segoe UI', Roboto, Helvetica, Arial, sans-serif, 'Apple Color Emoji', 'Segoe UI Emoji', 'Segoe UI Symbol'","checkout_body_font":"-apple-system, BlinkMacSystemFont, 'Segoe UI', Roboto, Helvetica, Arial, sans-serif, 'Apple Color Emoji', 'Segoe UI Emoji', 'Segoe UI Symbol'","checkout_accent_color":"#ff6128","checkout_button_color":"#ff6128","checkout_error_color":"#f71b1b","sections":{"header":{"type":"header","blocks":{"1588376082279":{"type":"mega_menu","settings":{"menu_item":"Urns","image_1":"shopify:\/\/shop_images\/collage.jpg","image_1_heading":"Your image","image_1_text":"Tell your story","image_1_link":"shopify:\/\/collections\/granite","image_2":"","image_2_heading":"Your image","image_2_text":"Tell your story","image_2_link":""}},"1588376126951":{"type":"mega_menu","settings":{"menu_item":"Bronze Memorials","image_1":"shopify:\/\/shop_images\/IMG_1526.PNG","image_1_heading":"Your image","image_1_text":"Tell your story","image_1_link":"shopify:\/\/collections\/memorials-in-bronze-1","image_2":"","image_2_heading":"Your image","image_2_text":"Tell your story","image_2_link":""}},"1588376134460":{"type":"mega_menu","settings":{"menu_item":"","image_1":"","image_1_heading":"Your image","image_1_text":"Tell your story","image_1_link":"shopify:\/\/collections\/bronze-emblems-for-bronze-cemetery-memorials","image_2":"","image_2_heading":"Your image","image_2_text":"Tell your story","image_2_link":""}}},"block_order":["1588376082279","1588376126951","1588376134460"],"settings":{"enable_sticky_header":true,"logo":"shopify:\/\/shop_images\/Composer3_ef3a3db6-dfe7-4a29-9730-07417d23c089.GIF","logo_max_width":300,"mobile_logo_max_width":170,"show_locale_selector":true,"show_currency_selector":false,"navigation_menu":"main-menu-1","desktop_navigation_layout":"condensed","desktop_navigation_open_trigger":"hover","show_navigation_social_media":false,"navigation_phone_number":"270-816-8408","navigation_email":"info@yourwebsite.com","show_condensed_search":true,"show_search_filter":false,"search_menu":"main-menue1","show_search_menu_title":false}},"footer":{"type":"footer","blocks":{"footer-0":{"type":"text","settings":{"title":"About the shop","content":"<p>Use this text area to tell your customers about your brand and vision. You can change it in the theme settings.<\/p>"}},"footer-1":{"type":"links","settings":{"menu":"footer"}},"footer-2":{"type":"newsletter","settings":{"title":"Newsletter","subheading":"<p>A short sentence describing what someone will receive by subscribing<\/p>"}}},"block_order":["footer-0","footer-1","footer-2"],"settings":{"show_social_media":true,"show_payment_icons":true,"show_locale_selector":true,"show_currency_selector":true,"show_cookie_bar":true,"text":"<p><em><strong>We use cookies to tailor your experience and measure site performance. By using this site, you agree to accept our cookies.<\/strong><\/em><\/p>","accept_button":"Accept"}},"slideshow":{"type":"slideshow","blocks":{"slide-1":{"type":"image","settings":{"image":"shopify:\/\/shop_images\/statue_jpgs7_9101c697-e875-44ce-8e53-e3313b39863b.jpg","mobile_image":"shopify:\/\/shop_images\/triguard1_9d030a72-4566-40e4-b21c-dbd7930a1382.jpg","show_overlay":true,"overlay_opacity":30,"text_color":"#ffffff","title":"Easy Design, Quality American Made Memorials,","content":"60 Day Money Back Guarantee, 150% Perpetual Warranty on All Granite Memorials, Cemetery Verification, Free Shipping, No Surprises,...\nInstallation provided by your cemetery or local monument shop Not Included","content_position":"bottomLeft","button_background":"#0652f1","button_text_color":"#000000","button_text":"Button","link":""}},"slide-0":{"type":"image","settings":{"image":"shopify:\/\/shop_images\/bridge-of-faith-painting-oemurqxtbalulw73p32sc44kbgrbyxswfbwnkn753g.jpg","mobile_image":"shopify:\/\/shop_images\/cat-cremation-urn-o8lg1rbieju5gnrfex3hvxf5044iku1ht73pli0z7k_e5cc4778-6611-4f2a-a533-59e9b40996a8.jpg","show_overlay":true,"overlay_opacity":30,"text_color":"#ffffff","title":"The Memorial Guy has been serving families since 2010","content":"Because they Lived, not because their gone. Guaranteed Lowest possible cost, easy one step design. Shipped Free of Charge to your cemetery anywhere in USA.\n 60 Day Money Back Guarantee on all Granite Memorials plus 150% Perpetual Warranty!\nEndless Possibilities, Quality You Can See, Guarantees You Can Bank On!","content_position":"bottomLeft","button_background":"#ffffff","button_text_color":"#000000","button_text":"Button","link":""}},"1588374455230":{"type":"image","settings":{"image":"shopify:\/\/shop_images\/US_Flag_Backlit.jpg","mobile_image":"","show_overlay":false,"overlay_opacity":30,"text_color":"#ffffff","title":"American Made","content":"In business since 2010. Family owned. Monuments, Memorials, Granit, and Bronze are made right here in America","content_position":"bottom_center","button_background":"#ffffff","button_text_color":"#000000","button_text":"Button","link":""}},"1588374951966":{"type":"image","settings":{"image":"shopify:\/\/shop_images\/KP_digitalframe_Memory_Forge_8.jpg","mobile_image":"shopify:\/\/shop_images\/KP_digitalframe_Memory_Forge_7.jpg","show_overlay":true,"overlay_opacity":30,"text_color":"#ffffff","title":"Engraved Gifts For All Occasions","content":"Birthdays, Graduations, New Mom & Dad, Anniversaries, Weddings, Remembrance, or just to say Thank You. Personalized Gifts for Any Occasion.","content_position":"middle_center","button_background":"#ffffff","button_text_color":"#000000","button_text":"Button","link":""}},"1592768035977":{"type":"image","settings":{"image":"shopify:\/\/shop_images\/KP_digitalframe_Memory_Forge_2.jpg","mobile_image":"shopify:\/\/shop_images\/KP_digitalframe_Memory_Forge2.jpg","show_overlay":false,"overlay_opacity":30,"text_color":"#ffffff","title":"Quality You Can Count On.","content":"The Memorial Guy stands behind what we sell.","content_position":"middle_center","button_background":"#ffffff","button_text_color":"#000000","button_text":"Button","link":""}}},"block_order":["slide-1","slide-0","1588374455230","1588374951966","1592768035977"],"settings":{"edge_to_edge":true,"section_size":"preserve_ratio","carousel_effect":"fade","autoplay":true,"cycle_speed":5}},"collection-list":{"type":"collection-list","blocks":{"collection-0":{"type":"collection","settings":{"collection":"memorials-in-bronze-1","image":"shopify:\/\/shop_images\/triguard1_9d030a72-4566-40e4-b21c-dbd7930a1382.jpg"}},"collection-1":{"type":"collection","settings":{"collection":"glass-cremation-urns","image":"shopify:\/\/shop_images\/GRA-113-B.jpg"}},"collection-2":{"type":"collection","settings":{"collection":"columbariams","image":"shopify:\/\/shop_images\/cremation_jpgs5.jpg"}},"collection-3":{"type":"collection","settings":{"collection":"memorials-in-granite","image":"shopify:\/\/shop_images\/statue_jpgs14_bff660ba-898f-43bc-840e-dd79ceb846d3.jpg"}},"collection-4":{"type":"collection","settings":{"collection":"jewelry","image":"shopify:\/\/shop_images\/jdi-246.jpg"}},"collection-5":{"type":"collection","settings":{"collection":"reflections-howard-miller-urns","image":"shopify:\/\/shop_images\/WHM-114-E.jpg"}},"1588893030270":{"type":"collection","settings":{"collection":"individual-bronze-memorials-gallery-series","image":"shopify:\/\/shop_images\/sun-setting-over-ocean.jpg"}},"1592767463182":{"type":"collection","settings":{"collection":"grand-opening-special-sale-through-july-4-2020","image":"shopify:\/\/shop_images\/KP_digitalframe_Memory_Forge_8.jpg"}}},"block_order":["collection-0","collection-1","collection-2","collection-3","collection-4","collection-5","1588893030270","1592767463182"],"settings":{"title":"Our collections","link_title":"View all","link":"shopify:\/\/collections","round_images":true,"show_collection_title":true}},"collection-template":{"type":"collection-template","settings":{"show_collection_image":true,"collapse_collection_description":false,"collection_image_size":"small","products_per_row":"4","default_products_per_page":24,"default_view_layout":"grid","show_quick_buy":"list","show_quick_view":"list","quick_links":"main-menu-1","quick_links_show_products_count":true,"show_filters":true,"show_filter_color_swatch":true,"filter_type":"tag","open_group_filters_mode":"all_closed","filter_group_order":""}},"recently-viewed-products":{"type":"recently-viewed-products","settings":{"title":"Recently viewed","show_quick_buy":false}},"product-template":{"type":"product-template","settings":{"show_vendor":true,"show_sku":false,"show_share_buttons":true,"show_taxes_included":false,"selector_mode":"dropdown","color_mode":"dropdown","show_quantity_selector":true,"show_payment_button":true,"image_size":"small","enable_image_zoom":true,"enable_video_looping":false,"zoom_effect":"outside","carousel_effect":"fade","show_inventory_quantity":false,"low_inventory_threshold":0,"content_display_mode":"show_all_and_expand_description","tab_page_1_handle":"","tab_page_2_handle":"","tab_page_3_handle":"","enable_reviews":false,"show_reviews_badge":false,"trust_title":"Payment & Security","show_payment_icons":true,"custom_security_badge":"","show_shipping_estimator":true,"shipping_estimator_default_country":"United States","show_refunds_policy":true,"show_Bailey_option":true}},"product-recommendations":{"type":"product-recommendations","settings":{"show_product_recommendations":true,"heading":"You may also like","show_quick_buy":false}},"announcement-bar":{"type":"announcement-bar","settings":{"show_announcement":true,"background":"rgba(0,0,0,0)","text_color":"#283aff","text":"We Guarantee Every Item We Sell!   Free Shipping","text_position":"center","link":"","show_newsletter":false,"newsletter_button":"Subscribe & Save","newsletter_title":"Newsletter","newsletter_content":"<p>A short sentence describing what someone will receive by subscribing<\/p>"}},"1542984811767":{"type":"featured-collection","settings":{"collection":"grand-opening-special-sale-through-july-4-2020","title":"Grand Opening Sale 25% Off","products_count":12,"layout":"vertical","stack_desktop":true,"show_quick_buy":false,"link_title":"View all","link_url":""}},"1550833441117":{"type":"collection-with-image","settings":{"collection":"","products_count":12,"image":"shopify:\/\/shop_images\/MII-820-D.jpg","background":"#3a2a2f","text_color":"#ffffff","title":"Special Discount","content":"On Sale for May\/.","button_background":"#e95d2b","button_text_color":"#ffffff","button_text":"Learn more","button_link":""}},"1555314133560":{"type":"promotion-list","blocks":{"1555314133560-0":{"type":"item","settings":{"image":"shopify:\/\/shop_images\/IMG_0984.jpg","show_overlay":true,"overlay_opacity":50,"stretch_image":true,"background":"#6f42ef","text_color":"#ffffff","title":"Our Work","content":"Designed and Carved by us","content_position":"bottom_left","button_background":"#ffffff","button_text_color":"#6f42ef","button_text":"Language of Memorials","button_link":"shopify:\/\/blogs\/the-language-of-your-local-monument-dealer\/whats-with-the-lingo-used-by-your-local-monument-dealer"}},"1555314133560-1":{"type":"item","settings":{"image":"shopify:\/\/shop_images\/sun-setting-over-ocean.jpg","show_overlay":true,"overlay_opacity":50,"stretch_image":true,"background":"#fc2a68","text_color":"#ffffff","title":"How to Purchase Your Memorial","content":"Because They Lived","content_position":"bottom_left","button_background":"#ffffff","button_text_color":"#fc2a68","button_text":"Learn more","button_link":"shopify:\/\/blogs\/standard-monument-catagories\/while-many-variations-exist-common-monuments-can-be-classified-into-one-of-four-major-groupings"}},"1555314133560-2":{"type":"item","settings":{"image":"shopify:\/\/shop_images\/statue_jpgs16_ba232c77-1f2d-481d-b2b2-6484402b9c53.jpg","show_overlay":false,"overlay_opacity":50,"stretch_image":true,"background":"#26c1ce","text_color":"#ffffff","title":"Your heading","content":"You will not believe how easy it is to order your Memorial.","content_position":"bottom_left","button_background":"#ffffff","button_text_color":"#26c1ce","button_text":"Click","button_link":"shopify:\/\/blogs\/how-to-save-up-to-75-on-your-memorial\/you-can-save-up-to-75-by-purchasing-your-memorial-from-timeless-memorials"}},"1592850081390":{"type":"item","settings":{"image":"shopify:\/\/shop_images\/US_Flag_Backlit.jpg","show_overlay":true,"overlay_opacity":54,"stretch_image":true,"background":"#0652f1","text_color":"#ffffff","title":"Who is The Memorial Guy","content":"In 2010 Monumental Designs was opened in Paducah KY. Received training in Monument Design and how to Carve Monuments. We were the only monument shop to Carve the Memorials we sold as most companies simply ordered monuments from factories. We know how granite is carved, how lettering is hi-lighted with special coatings called Lithochrome. We also poured all the foundations and set all the monuments we sold. \nNot to mention we purchased a cemetery with large public Mausoleums.\nThe Memorial Guy has spent the last ten years in the memorial business offering our customers the finest in craftsmanship and a working knowledge of designing, carving, and instillation of your memorial.\nYou will not find better pricing on your memorials delivered to your cemetery than The Memorial Guy","content_position":"top_left","button_background":"#ffffff","button_text_color":"#000000","button_text":"Learn more","button_link":""}}},"block_order":["1555314133560-0","1555314133560-1","1555314133560-2","1592850081390"],"settings":{"expand_items":false,"section_size":"medium","stack_mobile":false}},"1542984882560":{"type":"blog-posts","settings":{"blog":"how-to-save-up-to-75-on-your-memorial","title":"Savings That Can't Be Beat","link_title":"","show_category":true,"show_author":true,"show_date":true,"show_excerpt":true,"stack_mobile":true}},"popups":{"type":"popups","blocks":{"1592767559981":{"type":"exit","settings":{"show_only_for_visitors":true,"show_only_once":true,"title":"Get 15% off","subheading":"on your next order + exclusive offers","show_newsletter":true,"button_text":"Get my 15% off","success_message":"You will receive soon an email containing your discount code!","close_message":"No thanks, I'd rather pay more"}}},"block_order":["1592767559981"],"settings":{}},"text-with-icons":{"type":"text-with-icons","blocks":{"text-with-icons-0":{"type":"item","settings":{"icon":"bi-delivery","custom_icon":"shopify:\/\/shop_images\/ups_logo.gif","title":"Free Delivery","content":"<p>The Memorial Guy offers FREE Shipping to all 48&nbsp;continental US. Alaska and Hawaii customers pay shipping.<\/p>"}},"text-with-icons-1":{"type":"item","settings":{"icon":"bi-returns","custom_icon":"","title":"Returns","content":"<p>We stand behind every single item that we sell. Due to the nature of our products most are personalized by engraving so if we made a mistake we will replace the item.&nbsp;<\/p>\n<p>If there is a <em><strong>defect in the Color, Fading, Quality of your Memorial, or Cracking after your Memorial is set in the cemetery, we will Replace the Memorial with a brand new one.&nbsp;<\/strong><\/em><\/p>\n<p>If You are not <em><strong>100 Percent Satisfied<\/strong> <\/em>with the quality of your Granite Memorial dont worry. We offer a <em><strong>60 Day Money Back Guarantee.<\/strong><\/em><\/p>\n<p><em><strong>No matter what the problem is The Memorial Guy will Fix it, Guaranteed.<\/strong><\/em><\/p>"}},"text-with-icons-2":{"type":"item","settings":{"icon":"bi-customer-support","custom_icon":"","title":"Top-notch support","content":"<p>Help is a<em><strong> phone call<\/strong><\/em> away. That's right we call our customers during the production phase so you do not have to worry. Typically the time frame from purchase to instillation is<strong><em> 4 to 6 weeks<\/em><\/strong>. We will touch base with all Monument orders and&nbsp; call to let you know when your memorial will be <em><strong>delivered to your cemetery.<\/strong><\/em><\/p>\n<p><em><strong>&nbsp;&nbsp;<\/strong><\/em><\/p>"}},"text-with-icons-3":{"type":"item","settings":{"icon":"bi-secure-payment","custom_icon":"","title":"Secure payments","content":"<p><em><strong>We never sell any information about our customers. We offer Secure Payment process.<\/strong><\/em><\/p>"}}},"block_order":["text-with-icons-0","text-with-icons-1","text-with-icons-2","text-with-icons-3"],"settings":{"show_section":true,"stack_mobile":false}},"1588375677427":{"type":"blog-posts","settings":{"blog":"the-language-of-your-local-monument-dealer","title":"What Language is Your Monument Dealer Using","link_title":"View all","show_category":true,"show_author":true,"show_date":true,"show_excerpt":true,"stack_mobile":true}},"1588375875748":{"type":"blog-posts","settings":{"blog":"popular-fonts-and-effects","title":"Blog posts","link_title":"View all","show_category":true,"show_author":true,"show_date":true,"show_excerpt":true,"stack_mobile":true}},"blog-template":{"type":"blog-template","settings":{"articles_per_page":12,"highlight_first_article":true,"show_tags":true,"show_category":true,"show_author":true,"show_date":true,"show_excerpt":false}},"blog-sidebar":{"type":"blog-sidebar","blocks":{"blog-sidebar-0":{"type":"newsletter","settings":{"title":"Join Us","content":"<p>A short sentence describing what someone will receive by subscribing<\/p>","subtext":"100% free, Unsubscribe any time!","background":"#1e2d7d","text":"#ffffff"}},"blog-sidebar-1":{"type":"social_media","settings":{"title":"Follow us","show_rss":true}},"1588375948209":{"type":"featured_posts","settings":{"title":"Popular posts","show_ranking":true,"show_category":true,"show_date":true,"article_1":"how-to-save-up-to-75-on-your-memorial\/you-can-save-up-to-75-by-purchasing-your-memorial-from-timeless-memorials","article_2":"the-serpentine-style-monument-what-is-it\/what-is-a-serpentine-style-monument-why-is-it-so-popular","article_3":"the-language-of-your-local-monument-dealer\/whats-with-the-lingo-used-by-your-local-monument-dealer","article_4":"popular-fonts-and-effects\/the-most-popular-fonts-and-effects-used-for-memorials","article_5":"bases-used-for-memorials-what-you-should-know\/why-do-you-need-a-base-for-your-monument-memorial"}}},"block_order":["blog-sidebar-0","blog-sidebar-1","1588375948209"],"settings":{"show_on_mobile":true}},"static-newsletter":{"type":"static-newsletter","settings":{"show_section":true,"title":"Subscribe to our newsletter","content":"<p>A short sentence describing what someone will receive by subscribing<\/p>","subtext":"100% free, Unsubscribe any time!","background":"#1e2d7d","text":"#ffffff"}},"article-template":{"type":"article-template","settings":{"show_category":true,"show_author":true,"show_date":true,"show_share_buttons":true,"show_tags":true,"show_gravatar":true}},"static-promotion-list":{"type":"static-promotion-list","settings":{"expand_items":false,"section_size":"medium","stack_mobile":false}},"static-recently-viewed-products":{"type":"static-recently-viewed-products","settings":{"show_section":true,"title":"Recently viewed","show_quick_buy":false}},"list-collections-template":{"type":"list-collections-template","blocks":{"1590259452283":{"type":"collection","settings":{"collection":"grand-opening-special-sale-through-july-4-2020"}}},"block_order":["1590259452283"],"settings":{"collections_to_show":"all","show_collection_title":true,"show_collection_overlay":true,"collection_overlay_opacity":20}},"cart-template":{"type":"cart-template","settings":{"enable_order_notes":true,"show_payment_icons":true,"gift_wrap_product":"","gift_wrap_text":"Do you want a gift wrap?","gift_wrap_button":"Add a gift wrap","show_shipping_estimator":true,"shipping_estimator_default_country":"United States","trust_heading":"Our guarantees","upsell_heading":"Complete your cart","upsell_collection":"","upsell_products_count":4}},"page-contact-template":{"type":"page-contact-template","settings":{"form_heading":"Leave your message","show_store_info":true,"store_heading":"Contact Us","store_image":"","store_info":""}}},"content_for_index":["slideshow","1542984811767","1555314133560","collection-list","1550833441117","1542984882560","1588375677427","1588375875748"]},"presets":{"Metal":{"heading_color":"#1e2d7d","text_color":"#677279","accent_color":"#00badb","link_color":"#00badb","border_color":"#e1e3e4","background":"#f3f5f6","secondary_background":"#ffffff","error_color":"#ff0000","success_color":"#00aa00","primary_button_background":"#00badb","primary_button_text_color":"#ffffff","secondary_button_background":"#1e2d7d","secondary_button_text_color":"#ffffff","header_background":"#1e2d7d","header_text_color":"#ffffff","header_light_text_color":"#a3afef","header_accent_color":"#00badb","product_on_sale_accent":"#ee0000","product_in_stock_color":"#008a00","product_low_stock_color":"#ee0000","product_sold_out_color":"#8a9297","product_label_1_background":"#008a00","product_label_2_background":"#00a500","product_star_color":"#ffbd00","base_text_font_size":16,"heading_font":"din_next_n5","text_font":"din_next_n4","underline_links":true,"animation_image_zoom":true,"search_mode":"product,article","show_vendor":true,"show_secondary_image":true,"product_price_position":"after_title","product_image_size":"natural","show_discount":true,"discount_mode":"saving","show_color_swatch":false,"show_inventory_quantity":false,"low_inventory_threshold":0,"show_reviews_badge":false,"cart_type":"drawer","cart_empty_button_link":"shopify:\/\/collections\/all","cart_show_free_shipping_threshold":false,"cart_free_shipping_threshold":"50","share_image":"","social_facebook":"","social_twitter":"","social_google_plus":"","social_pinterest":"","social_instagram":"","social_vimeo":"","social_tumblr":"","social_youtube":"","social_linkedin":"","social_snapchat":"","social_fancy":"","favicon":"","checkout_header_image":"","checkout_logo_image":"","checkout_logo_position":"left","checkout_logo_size":"medium","checkout_body_background_image":"","checkout_body_background_color":"#fff","checkout_input_background_color_mode":"white","checkout_sidebar_background_image":"","checkout_sidebar_background_color":"#fafafa","checkout_heading_font":"-apple-system, BlinkMacSystemFont, 'Segoe UI', Roboto, Helvetica, Arial, sans-serif, 'Apple Color Emoji', 'Segoe UI Emoji', 'Segoe UI Symbol'","checkout_body_font":"-apple-system, BlinkMacSystemFont, 'Segoe UI', Roboto, Helvetica, Arial, sans-serif, 'Apple Color Emoji', 'Segoe UI Emoji', 'Segoe UI Symbol'","checkout_accent_color":"#00badb","checkout_button_color":"#00badb","checkout_error_color":"#ff0000","sections":{"header":{"type":"header","settings":{"logo":"","logo_max_width":140,"mobile_logo_max_width":100,"navigation_menu":"main-menu","desktop_navigation_layout":"inline","desktop_navigation_open_trigger":"hover","navigation_phone_number":"Call us 000-000-0000","navigation_email":"info@yourwebsite.com","search_menu":""}},"footer":{"type":"footer","blocks":{"footer-0":{"type":"text","settings":{"title":"About the shop","content":"<p>Use this text area to tell your customers about your brand and vision. You can change it in the theme settings.<\/p>"}},"footer-1":{"type":"links","settings":{"menu":"footer"}},"footer-2":{"type":"newsletter","settings":{"title":"Newsletter","subheading":"<p>A short sentence describing what someone will receive by subscribing<\/p>"}}},"block_order":["footer-0","footer-1","footer-2"],"settings":{"show_social_media":true,"show_payment_icons":true}},"slideshow":{"type":"slideshow","blocks":{"slide-0":{"type":"image","settings":{"image":"","mobile_image":"","text_color":"#ffffff","title":"Tell your story","content":"Tell your story","content_position":"bottomLeft","button_background":"#ffffff","button_text_color":"#000000","button_text":"Button","link":""}},"slide-1":{"type":"image","settings":{"image":"","mobile_image":"","text_color":"#ffffff","title":"Tell your story","content":"Tell your story","content_position":"bottomLeft","button_background":"#ffffff","button_text_color":"#000000","button_text":"Button","link":""}}},"block_order":["slide-0","slide-1"],"settings":{"edge_to_edge":true,"section_size":"preserve_ratio","cycle_speed":5}},"collection-list":{"type":"collection-list","blocks":{"collection-0":{"type":"collection","settings":{"collection":"","image":""}},"collection-1":{"type":"collection","settings":{"collection":"","image":""}},"collection-2":{"type":"collection","settings":{"collection":"","image":""}},"collection-3":{"type":"collection","settings":{"collection":"","image":""}},"collection-4":{"type":"collection","settings":{"collection":"","image":""}},"collection-5":{"type":"collection","settings":{"collection":"","image":""}}},"block_order":["collection-0","collection-1","collection-2","collection-3","collection-4","collection-5"],"settings":{"title":"Our collections","link_title":"View all","link":"shopify:\/\/collections"}},"featured-product":{"type":"featured-product","settings":{"product":"","title":"Featured product","selector_mode":"block","color_mode":"color","low_inventory_threshold":0,"zoom_effect":"outside","carousel_effect":"fade"}},"collection-template":{"type":"collection-template","settings":{"collection_image_size":"small","default_view_layout":"grid","show_quick_view":"list","show_quick_buy":"list","quick_links":"","filter_type":"tag"}},"recently-viewed-products":{"type":"recently-viewed-products","settings":{"title":"Recently viewed"}},"product-template":{"type":"product-template","settings":{"selector_mode":"block","color_mode":"color","low_inventory_threshold":0,"zoom_effect":"outside","carousel_effect":"fade","tab_page_1_handle":"","tab_page_2_handle":"","tab_page_3_handle":"","custom_security_badge":""}},"product-recommendations":{"type":"product-recommendations","settings":{}},"announcement-bar":{"type":"announcement-bar","settings":{"background":"#1e2d7d","text_color":"#ffffff","text":"Announce something here","link":"","newsletter_button":"Subscribe & Save","newsletter_title":"Newsletter","newsletter_content":"<p>A short sentence describing what someone will receive by subscribing<\/p>"}},"1542984811767":{"type":"featured-collection","settings":{"collection":"","title":"Featured collection","products_count":12,"layout":"vertical","link_title":"View all"}},"1542984842027":{"type":"newsletter","settings":{"title":"Newsletter","content":"<p>A short sentence describing what someone will receive by subscribing<\/p>"}},"1542984882560":{"type":"blog-posts","settings":{"blog":"news","title":"Blog posts"}}},"content_for_index":["slideshow","1542984811767","collection-list","1542984842027","featured-product","1542984882560"]},"Wood":{"heading_color":"#3a2a2f","text_color":"#3a2a2f","accent_color":"#ff6128","link_color":"#ff6128","border_color":"#e7e2de","background":"#f7f4f2","secondary_background":"#ffffff","error_color":"#f71b1b","success_color":"#48b448","primary_button_background":"#ff6128","primary_button_text_color":"#ffffff","secondary_button_background":"#3a2a2f","secondary_button_text_color":"#ffffff","header_background":"#3a2a2f","header_text_color":"#ffffff","header_light_text_color":"#e9e2dd","header_accent_color":"#ff6128","product_on_sale_accent":"#ee0000","product_in_stock_color":"#008a00","product_low_stock_color":"#ee0000","product_sold_out_color":"#d1d1d4","product_label_1_background":"#ff6128","product_label_2_background":"#a95ebe","product_star_color":"#ffb647","base_text_font_size":15,"heading_font":"itc_avant_garde_gothic_n5","text_font":"basic_commercial_n4","underline_links":true,"animation_image_zoom":true,"search_mode":"product,article,page","show_vendor":true,"show_secondary_image":true,"show_discount":true,"discount_mode":"percentage","product_price_position":"after_title","product_image_size":"square","show_color_swatch":false,"show_inventory_quantity":true,"low_inventory_threshold":1,"show_reviews_badge":false,"cart_type":"drawer","cart_empty_button_link":"shopify:\/\/collections\/all","cart_show_free_shipping_threshold":true,"cart_free_shipping_threshold":"50","checkout_logo_position":"center","checkout_logo_size":"medium","checkout_body_background_image":"","checkout_body_background_color":"#fff","checkout_input_background_color_mode":"white","checkout_sidebar_background_image":"","checkout_sidebar_background_color":"#f7f4f2","checkout_heading_font":"-apple-system, BlinkMacSystemFont, 'Segoe UI', Roboto, Helvetica, Arial, sans-serif, 'Apple Color Emoji', 'Segoe UI Emoji', 'Segoe UI Symbol'","checkout_body_font":"-apple-system, BlinkMacSystemFont, 'Segoe UI', Roboto, Helvetica, Arial, sans-serif, 'Apple Color Emoji', 'Segoe UI Emoji', 'Segoe UI Symbol'","checkout_accent_color":"#ff6128","checkout_button_color":"#ff6128","checkout_error_color":"#f71b1b","sections":{"header":{"type":"header","settings":{"logo":"","logo_max_width":140,"mobile_logo_max_width":100,"navigation_menu":"main-menu","desktop_navigation_layout":"inline","desktop_navigation_open_trigger":"hover","navigation_phone_number":"Call us 000-000-0000","navigation_email":"info@yourwebsite.com","search_menu":""}},"footer":{"type":"footer","blocks":{"footer-0":{"type":"text","settings":{"title":"About the shop","content":"<p>Use this text area to tell your customers about your brand and vision. You can change it in the theme settings.<\/p>"}},"footer-1":{"type":"links","settings":{"menu":"footer"}},"footer-2":{"type":"newsletter","settings":{"title":"Newsletter","subheading":"<p>A short sentence describing what someone will receive by subscribing<\/p>"}}},"block_order":["footer-0","footer-1","footer-2"],"settings":{"show_social_media":true,"show_payment_icons":true}},"slideshow":{"type":"slideshow","blocks":{"slide-0":{"type":"image","settings":{"image":"","mobile_image":"","text_color":"#ffffff","title":"Tell your story","content":"Tell your story","content_position":"bottomLeft","button_background":"#ffffff","button_text_color":"#000000","button_text":"Button","link":""}},"slide-1":{"type":"image","settings":{"image":"","mobile_image":"","text_color":"#ffffff","title":"Tell your story","content":"Tell your story","content_position":"bottomLeft","button_background":"#ffffff","button_text_color":"#000000","button_text":"Button","link":""}}},"block_order":["slide-0","slide-1"],"settings":{"edge_to_edge":true,"section_size":"preserve_ratio","cycle_speed":5}},"collection-list":{"type":"collection-list","blocks":{"collection-0":{"type":"collection","settings":{"collection":"","image":""}},"collection-1":{"type":"collection","settings":{"collection":"","image":""}},"collection-2":{"type":"collection","settings":{"collection":"","image":""}},"collection-3":{"type":"collection","settings":{"collection":"","image":""}},"collection-4":{"type":"collection","settings":{"collection":"","image":""}},"collection-5":{"type":"collection","settings":{"collection":"","image":""}}},"block_order":["collection-0","collection-1","collection-2","collection-3","collection-4","collection-5"],"settings":{"title":"Our collections","link_title":"View all","link":"shopify:\/\/collections"}},"collection-template":{"type":"collection-template","settings":{"collection_image_size":"small","default_view_layout":"grid","show_quick_view":"list","show_quick_buy":"list","quick_links":"","filter_type":"tag"}},"recently-viewed-products":{"type":"recently-viewed-products","settings":{"title":"Recently viewed"}},"product-template":{"type":"product-template","settings":{"selector_mode":"block","color_mode":"color","low_inventory_threshold":0,"zoom_effect":"outside","carousel_effect":"fade","tab_page_1_handle":"","tab_page_2_handle":"","tab_page_3_handle":"","custom_security_badge":""}},"product-recommendations":{"type":"product-recommendations","settings":{}},"announcement-bar":{"type":"announcement-bar","settings":{"background":"#3a2a2f","text_color":"#ffffff","text":"Announce something here","link":"","newsletter_button":"Subscribe & Save","newsletter_title":"Newsletter","newsletter_content":"<p>A short sentence describing what someone will receive by subscribing<\/p>"}},"1542984811767":{"type":"featured-collection","settings":{"collection":"","title":"Featured collection","products_count":12,"layout":"vertical","link_title":"View all"}},"1550833441117":{"type":"collection-with-image","settings":{"collection":"","products_count":12,"image":"","background":"#3a2a2f","text_color":"#ffffff","title":"Our best sellers","content":"Shop our most popular products for this season.","button_background":"#e95d2b","button_text_color":"#ffffff","button_text":"Learn more","button_link":""}},"1555314133560":{"type":"promotion-list","blocks":{"1555314133560-0":{"type":"item","settings":{"image":"","show_overlay":false,"stretch_image":false,"background":"#6f42ef","text_color":"#ffffff","title":"Your heading","content":"Tell more about your product, collection...","button_background":"#ffffff","button_text_color":"#6f42ef","button_text":"Learn more","button_link":""}},"1555314133560-1":{"type":"item","settings":{"image":"","show_overlay":false,"stretch_image":false,"background":"#fc2a68","text_color":"#ffffff","title":"Your heading","content":"Tell more about your product, collection...","button_background":"#ffffff","button_text_color":"#fc2a68","button_text":"Learn more","button_link":""}},"1555314133560-2":{"type":"item","settings":{"image":"","show_overlay":false,"stretch_image":false,"background":"#26c1ce","text_color":"#ffffff","title":"Your heading","content":"Tell more about your product, collection...","button_background":"#ffffff","button_text_color":"#26c1ce","button_text":"Learn more","button_link":""}}},"block_order":["1555314133560-0","1555314133560-1","1555314133560-2"],"settings":{"expand_items":false,"section_size":"medium","stack_mobile":false}},"1542984882560":{"type":"blog-posts","settings":{"blog":"news","title":"Blog posts"}}},"content_for_index":["slideshow","1542984811767","1555314133560","collection-list","1550833441117","1542984882560"]}}}